<?xml version="1.0" encoding="UTF-8"?>
<data>
  <themeinfo>
    <name>Moka/GNOME</name>
    <version>1.0</version>
    <creator>James</creator>
    <description>Second packaging of the first version.</description>
    <website>presences.org</website>
    <screenshots>
      <image>bluetooth-12.png</image>
    </screenshots>
  </themeinfo>
  <themelist>
    <wallpaper>
      <image>meshBackground-6.png</image>
    </wallpaper>
    <file>
      <filename>lockBackground-18.png</filename>
      <destination>/usr/lib/luna/system/luna-applauncher/images/scrim.png</destination>
    </file>
    <file>
      <filename>lockBackground-19.png</filename>
      <destination>/usr/palm/applications/com.palm.app.phone/images/backdrop-phone.png</destination>
    </file>
    <file>
      <filename>lockBackground-20.png</filename>
      <destination>/usr/palm/applications/com.palm.app.browser/images/background-bookmarks-grid.png</destination>
    </file>
    <file>
      <filename>calendar-12.png</filename>
      <destination>/usr/palm/applications/com.palm.app.calendar/images/launcher/icon-31.png</destination>
    </file>
    <file>
      <filename>unlock-9.png</filename>
      <destination>/usr/palm/sysmgr/images/screen-lock-padlock-on.png</destination>
    </file>
    <file>
      <filename>unlock-10.png</filename>
      <destination>/usr/palm/sysmgr/images/screen-lock-padlock-off.png</destination>
    </file>
    <file>
      <filename>target-4.png</filename>
      <destination>/usr/palm/sysmgr/images/screen-lock-target-scrim.png</destination>
    </file>
    <file>
      <filename>launcher-1.png</filename>
      <destination>/usr/lib/luna/system/luna-applauncher/icon.png</destination>
    </file>
    <iconset>
      <icon>
        <appid>com.palm.app.calculator</appid>
        <image>calculator-6.png</image>
      </icon>
      <icon>
        <appid>com.palm.app.camera</appid>
        <image>camera-6.png</image>
      </icon>
      <icon>
        <appid>com.palm.app.contacts</appid>
        <image>contacts-6.png</image>
      </icon>
      <icon>
        <appid>com.palm.app.deviceinfo</appid>
        <image>system-6.png</image>
      </icon>
      <icon>
        <appid>com.palm.app.docviewer</appid>
        <image>docview-6.png</image>
      </icon>
      <icon>
        <appid>com.palm.app.help</appid>
        <image>help-6.png</image>
      </icon>
      <icon>
        <appid>com.palm.app.messaging</appid>
        <image>messaging-6.png</image>
      </icon>
      <icon>
        <appid>com.palm.app.notes</appid>
        <image>memo-6.png</image>
      </icon>
      <icon>
        <appid>com.palm.app.photos</appid>
        <image>photos-6.png</image>
      </icon>
      <icon>
        <appid>com.palm.app.soundsandalerts</appid>
        <image>sound-6.png</image>
      </icon>
      <icon>
        <appid>com.palm.app.tasks</appid>
        <image>tasks-6.png</image>
      </icon>
      <icon>
        <appid>com.palm.app.videoplayer.launcher</appid>
        <image>videos-6.png</image>
      </icon>
      <icon>
        <appid>com.palm.app.wifi</appid>
        <image>network-6.png</image>
      </icon>
      <icon>
        <appid>com.palm.app.bluetooth</appid>
        <image>bluetooth-13.png</image>
      </icon>
      <icon>
        <appid>com.palm.app.calendar</appid>
        <image>calendar-13.png</image>
      </icon>
      <icon>
        <appid>com.palm.app.clock</appid>
        <image>clock-12.png</image>
      </icon>
      <icon>
        <appid>com.palm.app.dateandtime</appid>
        <image>clock-13.png</image>
      </icon>
      <icon>
        <appid>com.palm.app.devmodeswitcher</appid>
        <image>developerMode-6.png</image>
      </icon>
      <icon>
        <appid>com.palm.app.email</appid>
        <image>email-6.png</image>
      </icon>
      <icon>
        <appid>com.palm.app.maps</appid>
        <image>googlemaps-6.png</image>
      </icon>
      <icon>
        <appid>com.palm.app.musicplayer</appid>
        <image>music-6.png</image>
      </icon>
      <icon>
        <appid>com.palm.app.phone</appid>
        <image>phone-6.png</image>
      </icon>
      <icon>
        <appid>com.palm.app.screenlock</appid>
        <image>screenAndLock-6.png</image>
      </icon>
      <icon>
        <appid>com.palm.app.pdfviewer</appid>
        <image>pdfview-6.png</image>
      </icon>
      <icon>
        <appid>com.palm.app.updates</appid>
        <image>update-6.png</image>
      </icon>
      <icon>
        <appid>com.palm.app.browser</appid>
        <image>browser-6.png</image>
      </icon>
      <icon>
        <appid>com.palm.app.youtube</appid>
        <image>youtube-6.png</image>
      </icon>
    </iconset>
  </themelist>
</data>